Symbol,CompanyID
RELIANCE,2726
HDFCBANK,1298
TCS,3365
BHARTIARTL,467
ICICIBANK,1384
SBIN,3188
INFY,1489
BAJFINANCE,372
HINDUNILVR,1350
ITC,1552
LICI,1275221
LT,1870
KOTAKBANK,1818
SUNPHARMA,3245
HCLTECH,1297
MARUTI,2023
AXISBANK,348
M&M,1973
ULTRACEMCO,3525
NTPC,2303
BAJAJFINSV,373
ONGC,2320
TITAN,3437
HAL,1274307
POWERGRID,2523
DMART,1273670
ADANIENT,56
ADANIPORTS,57
JSWSTEEL,1657
WIPRO,3763
TATAMOTORS,3370
COALINDIA,681
ASIANPAINT,295
NESTLEIND,2236
BAJAJ-AUTO,369
BEL,456
ETERNAL,1274894
ADANIPOWER,58
INDIGO,1273121
IOC,1448
HINDZINC,1351
GRASIM,1198
TRENT,3467
VBL,1273562
TATASTEEL,3373
SBILIFE,1274150
IRFC,1274825
DLF,841
JIOFIN,1284422
VEDL,2943
DIVISLAB,837
PIDILITIND,2478
EICHERMOT,888
HDFCLIFE,1274197
ADANIGREEN,1274366
TECHM,100068
HINDALCO,1328
PFC,2522
BAJAJHLDNG,375
HYUNDAI,1285116
BPCL,462
AMBUJACEM,163
LTIM,1273442
TVSMOTOR,3502
LODHA,1274865
BRITANNIA,553
BANKBARODA,395
GODREJCP,1164
CHOLAFIN,648
TATAPOWER,3371
CIPLA,661
GAIL,1074
SOLARINDS,3115
PNB,2600
ABB,27
SHRIRAMFIN,3046
TATACONSUM,3367
RECLTD,2809
INDHOTEL,1443
MAZDOCK,1274794
UNITDSPR,3555
TORNTPHARM,3445
ADANIENSOL,1272969
INDUSTOWER,244384
SHREECEM,2998
MAXHEALTH,1274774
MANKIND,1284353
BAJAJHFL,1284966
SIEMENS,3061
APOLLOHOSP,218
HAVELLS,1288
DRREDDY,852
DIXON,1274137
UNIONBANK,3536
CGPOWER,739
LUPIN,1924
MOTHERSON,2132
HDFCAMC,1274395
GMRAIRPORT,1159
MARICO,2014
JINDALSTEL,1627
ICICIGI,1274145
NAUKRI,1485
SRF,3108
CANBK,579
ZYDUSLIFE,567
IDBI,1387
BSE,1273635
NHPC,2254
ICICIPRULI,1273517
NTPCGREEN,1285166
MUTHOOTFIN,2168
DABUR,757
POLYCAB,1274653
HINDPETRO,1348
BOSCHLTD,537
JSWENERGY,1655
PERSISTENT,2458
SBICARD,1274738
CUMMINSIND,744
IDEA,1388
BHEL,460
BHARTIHEXA,1284744
INDIANB,1439
TORNTPOWER,3446
HEROMOTOCO,1308
SUZLON,3305
WAAREEENER,1285121
OFSS,2344
RVNL,1274649
GICRE,1274184
POLICYBZR,1275091
SWIGGY,1285142
COLPAL,685
AUROPHARMA,325
IOB,1449
PATANJALI,2803
ATGL,1274591
ASHOKLEY,281
COROMANDEL,715
OIL,2322
LLOYDSME,1902
INDUSINDBK,1480
BERGEPAINT,429
GODREJPROP,98066
ABBOTINDIA,28
JSWINFRA,1284497
POWERINDIA,1274744
IRCTC,1274700
OBEROIRLTY,2313
ALKEM,1273171
PHOENIXLTD,2470
SUNDARMFIN,3253
NMDC,2287
UBL,3548
PRESTIGE,2558
YESBANK,3783
PAYTM,1275094
NYKAA,1274992
PIIND,2474
MRF,2141
UPL,3554
LINDEINDIA,523
BDL,1274300
BANKINDIA,396
KALYANKJIL,1274850
BHARATFORG,458
ABCAPITAL,1274128
SCHAEFFLER,990
AUBANK,1274092
TIINDIA,1274187
FORTIS,1040
UNOMINDA,2090
PAGEIND,2389
BALKRISIND,383
VMM,1285185
COFORGE,2262
FEDERALBNK,1002
IDFCFIRSTB,1273113
SAIL,3192
GLAXO,1143
FACT,1006
MPHASIS,2138
PETRONET,2461
JUBLFOOD,1658
PGHH,2579
SUPREMEIND,3279
JSL,1626
PREMIERENE,1284943
HUDCO,1274074
IREDA,1284567
TATACOMM,3364
APLAPOLLO,214
LTTS,1273505
MFSL,2035
FLUOROCHEM,1274705
HEXT,1311
GODFRYPHLP,1163
LTF,1850
CONCOR,702
VOLTAS,3708
ITCHOTELS,1285312
MOTILALOFS,2133
THERMAX,3412
NAM-INDIA,1274188
GLENMARK,1144
JKCEMENT,1632
COCHINSHIP,1274120
GVT&D,150
MAHABANK,397
UCOBANK,3521
360ONE,1274695
SJVN,3095
BIOCON,487
GODREJIND,1165
KAYNES,1275358
ESCORTS,955
DALBHARAT,1274605
ASTRAL,309
NH,1273196
AWL,1275165
EMBASSY,1274645
ACC,39
BLUESTARCO,519
IPCALAB,1540
CHOLAHLDNG,3489
TATAELXSI,3366
KPRMILL,1827
AJANTPHARM,104
CENTRALBK,604
LAURUSLABS,1273603
KPITTECH,1274654
LICHSGFIN,1888
ABFRL,486604
3MINDIA,13
CRISIL,737
RADICO,2620
NLCINDIA,2251
M&MFIN,98567
MEDANTA,1275351
EXIDEIND,982
MCX,2156
GUJGASLTD,1273048
TATAINVEST,3368
AIIL,1270863
AIAENG,101
HONAUT,1366
POONAWALLA,1951
NATIONALUM,2203
APOLLOTYRE,219
SUVENPHAR,1274739
METROBRAND,1275121
SONACOMS,1274879
KEI,1744
TATATECH,1284568
IRB,1542
GODIGIT,1284784
PPLPHARMA,1275345
JSWHL,1625
NIACL,1274192
CDSL,1274088
CHAMBLFERT,620
AEGISLOG,84
EMAMILTD,918
DEEPAKNTR,786
KIMS,1274885
ENDURANCE,1273546
NBCC,2204
BANDHANBNK,1274308
GILLETTE,1132
POLYMED,2507
NHIT,1275104
IGL,1471
PNBHOUSING,1273561
ASTERDM,1274286
SUMICHEM,1274728
SUNTV,3248
IKS,1285190
PGEL,2464
FSL,1029
ITI,1554
BRIGADE,549
JBCHEPHARM,1560
SYNGENE,1272977
JYOTICNC,1284626
MSUMI,1275204
SHYAMMETL,1274880
ZFCVINDIA,3720
EIHOTEL,891
MRPL,1996
LALPATHLAB,1273172
STARHEALTH,1275115
MINDSPACE,1274771
GLAND,1274812
RAMCOCEM,1947
AFFLE,1274684
DELHIVERY,1275225
INOXWIND,1270795
WOCKPHARMA,3767
FIVESTAR,1275356
NUVAMA,1284522
APARINDS,211
PEL,2486
HSCL,1320
ASTRAZEN,310
NAVINFLUOR,2217
OLAELEC,1284881
AMBER,1274257
BAYERCROP,410
CROMPTON,1273354
TATACHEM,3362
KFINTECH,1275381
ABREL,613
ANGELONE,1274790
DEVYANI,1274904
KANSAINER,1715
CESC,616
HINDCOPPER,1338
HATSUN,1287
PSB,2596
CASTROLIND,589
PTCIL,1270757
WELCORP,3738
AADHARHFC,1284772
ERIS,1274087
GRSE,1274573
EMCURE,1284839
MANAPPURAM,1989
NXST,1284360
PFIZER,2462
CARBORUNIV,586
REDINGTON,2708
CAMS,1274786
BASF,406
SUNDRMFAST,3256
KEC,1741
SAGILITY,1285143
MANYAVAR,1275168
SKFINDIA,3096
ATUL,319
TIMKEN,3426
TVSHLTD,3252
GRINDWELL,1211
RATNAMANI,2693
ABSLAMC,1274975
ONESOURCE,1285268
BIKAJI,1275353
LMW,1860
ARE&M,157
GSPL,1255
CHALET,1274626
ASAHIINDIA,264
BIRET,1274830
KARURVYSYA,1724
CREDITACC,1274399
FIRSTCRY,1284885
IEX,1274182
VINATIORGA,3663
APLLTD,121
DOMS,1284580
VENTIVE,1285201
JINDALSAW,1624
SARDAEN,2895
TRITURBINE,3486
RPOWER,2729
DEEPAKFERT,785
ZENSARTECH,3800
APTUS,1274911
AKZOINDIA,115
CONCORDBIO,1284439
KPIL,1692
CENTURYPLY,612
SIGNATURE,1275340
NEULANDLAB,2244
JBMA,1604
NATCOPHARM,2200
KIOCL,1273580
DCMSHRIRAM,773
AARTIIND,21
BATAINDIA,408
AAVAS,1274569
VGUARD,3583
IIFL,1424
AFCONS,1285138
CIEINDIA,1975
ANANTRAJ,183
JWL,689
BLUEDART,517
BLS,1273377
WHIRLPOOL,3752
TARIL,3458
IGIL,1285192
EIDPARRY,889
GODREJAGRO,1274176
NIVABUPA,1285147
IRCON,1272265
ELGIEQUIP,910
NEWGEN,1274251
CAPLIPOINT,582
PCBL,2468
JUBLPHARMA,1660
ANANDRATHI,1275117
ACE,53
TRIDENT,3473
SCHNEIDER,2923
SAILIFE,1285187
RAINBOW,1275218
JYOTHYLAB,1667
SANOFI,342
KIRLOSBROS,1788
UTIAMC,1274795
HBLENGINE,1295
NAVA,2215
INDGN,1284767
NCC,2221
GRAVITA,1202
CGCL,2116
SOBHA,3110
VTL,3612
INDIAMART,1274674
BBTC,527
FINCABLES,788
CUB,667
MGL,1273407
SWANENERGY,3315
TEJASNET,1274086
ZENTEC,3791
CYIENT,1490
KSB,1838
MAHSCOOTER,1967
GESHIP,1204
GPIL,1162
BEML,423
ALIVUS,1274896
FINEORG,1274375
HOMEFIRST,1274827
KAJARIACER,1685
ACMESOLAR,1285145
TECHNOE,1274597
CLEAN,1274890
RBLBANK,1273471
DATAPATTNS,1275127
ECLERX,880
WELSPUNLIV,3740
CHOICEIN,644
EMBDL,1434
LTFOODS,1919
CELLO,1284546
BLUEJET,1284539
CEATLTD,596
INDIGRID,1274080
MINDACORP,2089
IWEL,1274876
ELECON,903
AVANTIFEED,341
PARADEEP,1275228
SPLPETRO,3281
id,1285444
AGARWALEYE,1285311
INGERRAND,1495
NUVOCO,1274910
FORCEMOT,1039
IFCI,1394
HFCL,1319
BALRAMCHIN,387
WESTLIFE,3749
SBFC,1284438
TTML,3374
SANOFICONR,1284994
CRAFTSMAN,1274849
RKFORGE,2662
JAIBALAJI,1571
RITES,1274374
GRANULES,1196
ZYDUSWELL,3810
LEMONTREE,1274323
TBOTEK,1284773
FINPIPE,1023
GALLANTT,1082
RRKABEL,1284488
AETHER,1275232
BSOFT,1826
KIRLOSENG,1792
JUBLINGREA,1274844
SAREGAMA,2899
SHAKTIPUMP,2955
VIJAYA,1274919
J&KBANK,1584
INTELLECT,1199533
ZEEL,3788
WAAREERTL,49530
TITAGARH,3435
RELAXO,2719
GRINFRA,1274889
NSLNISP,1284306
SAMMAANCAP,496506
SAPPHIRE,1275097
JPPOWER,1582
SONATSOFTW,3127
AZAD,1284610
RELINFRA,2727
RAYMOND,2701
MAPMYINDIA,1275122
GMDCLTD,1242
ENGINERSIN,935
JMFINANCIL,1637
ARVIND,262
RAILTEL,1274834
MARKSANS,2017
OLECTRA,1178
PRUDENT,1275224
MEDPLUS,1275123
SAFARI,2832
EUREKAFORB,1275190
CANFINHOME,578
PVRINOX,2604
JLHL,1284477
DBREALTY,755
VESUVIUS,3642
PRAJIND,2529
ANURAS,1274847
JKLAKSHMI,1633
INDIASHLTR,1284585
TEGA,1275116
BECTORFOOD,1274822
RHIM,2357
CHENNPETRO,636
HEG,1301
MAHSEAMLES,1968
ALKYLAMINE,132
GRAPHITE,1197
INOXINDIA,1284600
TRIVENI,1272591
GANESHHOUC,1091
AMIORG,1274921
GENUSPOWER,1122
STARCEMENT,1274083
INDIACEM,1420
METROPOLIS,1274652
USHAMART,3574
ABDL,1284830
HAPPSTMNDS,1274783
NAZARA,1274852
TTKPRESTIG,3488
MMTC,2099
ITDCEM,1553
GMRP&UI,1275197
ISGEC,1545
POWERMECH,1272995
TCI,3461
ALOKINDS,142
SYRMA,1275268
GARFIBRES,1103
UJJIVANSFB,1274716
PGHL,2064
SUDARSCHEM,3229
JKTYRE,1636
WABAG,3585
BIRLACORPN,490
LATENTVIEW,1275098
NETWEB,1284419
TIPSMUSIC,3429
AKUMS,1284874
SCI,2984
ACI,1275357
CCL,593
SHRIPISTON,1273371
CARTRADE,1274909
PCJEWELLER,247383
AURIONPRO,323
GABRIEL,1070
EPIGRAL,1274916
SYMPHONY,3327
ASKAUTOLTD,1284561
JUSTDIAL,400458
TIMETECHNO,3423
KPIGREEN,1274614
LLOYDSENGG,1273435
SUNDARMHLD,1274315
GRWRHITECH,1102
PRIVISCL,64
HCG,1273301
EDELWEISS,884
ASTRAMICRO,308
REDTAPE,1284457
RCF,2684
KIRLFER,1790
MANORAMA,1274568
AJAXENGG,1285320
EQUITASBNK,1274807
KTKBANK,1722
GSFC,1253
IONEXCHANG,1539
VOLTAMP,3707
HONASA,1284547
GALAXYSURF,1274259
CMSINFO,1275144
KSCL,1730
KIRLPNU,1270979
HAPPYFORGE,1284603
CAMPUS,1275219
SANDUMA,2872
PGINVIT,1274871
GNFC,1244
ORIENTCEM,475222
IIFLCAPS,1274694
SFL,1273592
SHAILY,2953
BLACKBUCK,1285151
RELIGARE,2731
ESABINDIA,953
KRBL,1828
PNCINFRA,1270850
HGINFRA,1274291
TMB,1275290
CERA,614
SHREMINVIT,1274971
PNGJL,1284976
FDC,1000
SPICEJET,3151
SWSOLAR,1274686
SANSERA,1274923
WELENT,3742
NESCO,2235
JINDWORLD,1628
CHEMPLASTS,634
MAXESTATES,1284558
TDPOWERSYS,3385
BBOX,89
NETWORK18,2241
SOUTHBANK,3131
GPPL,1248
LLOYDSENT,3003
VARROC,1274377
RUSTOMJEE,1275360
DODLA,1274883
MASTEK,2026
TRANSRAILL,1285196
SHILPAMED,2981
AARTIPHARM,1275418
BORORENEW,536
PRSMJOHNSN,2569
EMUDHRA,1275229
THANGAMAYL,3409
KNRCON,1806
THOMASCOOK,3416
TANLA,3355
HNDFDS,6314
MOIL,2112
DBL,1273459
BAJAJELEC,371
VMART,313489
JUNIPER,1284687
ETHOSLTD,1275227
ELECTCAST,904
CSBBANK,1274190
MHRIL,1976
EPL,962
RENUKA,3018
ROUTE,1274784
WEBELSOLAR,3730
RAYMONDLSL,1284974
STAR,3217
GOKEX,1169
V2RETAIL,3584
ANUP,1274633
KOVAI,1825
RTNINDIA,55705
SHOPERSTOP,2994
MANINFRA,1986
BALUFORGE,472222
SENCO,1284410
DHANUKA,809
SUNTECK,3267
ICIL,1459
GULFOILLUB,1003682
MIDHANI,1274316
GHCL,1128
AHLUCONT,96
BANSALWIRE,1284840
TI,3421
PURVA,2602
SURYAROSNI,3292
IXIGO,1284805
ENTERO,1284670
GAEL,1225
RTNPOWER,1433
TEXRAIL,3402
REFEX,2709
GREENLAM,1270749
RAJESHEXPO,2640
JKPAPER,1634
SUPRIYA,1275131
SUPRAJIT,3277
ARVINDFASN,1274634
ICRA,1385
PROTEAN,1284559
EMIL,1275325
AVALON,1284340
BANCOINDIA,393
UEL,1928
AVL,1273594
JSFB,1284668
TIIL,3388
JSLL,1275199
PRICOLLTD,1273637
IFBIND,1393
PTC,2589
PDSL,1131309
ASHOKA,282
INOXGREEN,1275359
RATEGAIN,1275119
BANARISUG,399
AGI,1374
TVSSCS,1284449
NIITMTS,1284451
MAHLIFE,1977
SKIPPER,988079
ORIENTELEC,1274339
QUESS,1273420
INNOVACAP,1284611
SWARAJENG,3316
STYRENIX,3220
DIACABS,826
LXCHEM,1274848
VSTIND,3711
SHARDACROP,1059828
SHARDAMOTR,413316
JKIL,1562
MASFIN,1274181
SIS,1274119
HIKAL,1315
ITDC,1431
INFIBEAM,1273310
VADILALIND,3588
SPARC,3244
HCC,1337
RAIN,2625
KITEX,1795
RESPONIND,2743
PILANIINVS,2479
JCHAC,1361
THYROCARE,1273341
GMMPFAUDLR,1158
YATHARTH,1284424
RBA,1274818
KRN,1285002
INDIGOPNTS,1274826
INDUSINVIT,1284696
TARC,1274820
KENNAMET,1750
PARAS,1274969
GUJALKALI,1224
E2E,1274346
AWFIS,1284789
ZAGGLE,1284492
RALLIS,2650
SKYGOLD,1274565
UNIMECH,1285207
SUNCLAY,1284624
CEIGALL,1284882
OPTIEMUS,2342
PGIL,2445
GREAVESCOT,1206
WONDERLA,840292
DBCORP,770
SUNFLAG,3257
VIPIND,3670
MTARTECH,1274841
HEIDELBERG,1302
DCBBANK,796
INDIAGLYCO,1422
UNICHEMLAB,3531
DYNAMATECH,865
NPST,1274899
ORCHPHARMA,2347
NFL,2205
LUXIND,1273134
INDOSTAR,1274348
VRLLOG,1270824
EASEMYTRIP,1274843
NEOGEN,1274657
BALAMINES,380
MPSLTD,2140
NDRINVIT,1284686
JAYNECOIND,1596
UFLEX,3522
GOCOLORS,1275106
GOLDIAM,1177
BHARATRAS,463
FIEMIND,1012
GANECOS,1092
BHAGCHEM,445
POLYPLEX,2514
MCLOUD,1236192
GRAUWEIL,1200
SUBROS,3225
SAMHI,1284485
JASH,1274170
LGBBROSLTD,1881
SHANTIGEAR,2960
ROSSARI,1274766
GUFICBIO,1223
INDRAMEDCO,1472
HEMIPROP,1274804
PATELENG,2433
HERITGFOOD,1307
BOROLTD,1274765
SEQUENT,2938
VAIBHAVGBL,3590
CIGNITITEC,652
RSYSTEMS,2612
MSTCLTD,1274642
SANATHAN,1285202
JISLJALEQS,1576
ROLEXRINGS,1274897
CYIENTDLM,1284402
LUMAXTECH,1920
ARTEMISMED,1274726
KINGFA,1378
EIEL,1285170
NSIL,2194
CARERATING,244883
IMAGICAA,1270791
DATAMATICS,766
DHANI,1435
GOKULAGRO,1273279
GOPAL,1284708
GREENPLY,1209
JTEKTINDIA,3125
EMSLIMITED,1284479
APOLLO,1274254
HARSHA,1275304
RPGLIFE,2790
EPACK,1284639
PITTIENG,2489
KDDL,1739
NORTHARC,1284990
AXISCADES,350
MOREPENLAB,516
NACLIND,2181
BBL,455
RAMKY,2663
SHAREINDIA,1274160
PARKHOTELS,1284660
FEDFINA,1284570
STLTECH,3209
IMFA,1447
ASHAPURMIN,269
JAMNAAUTO,1585
PANACEABIO,2394
DPABHUSHAN,1274183
KIRIINDUS,1786
NAVNETEDUL,2219
TCPLPACK,3384
BALMLAWRIE,385
ORIANA,1284432
PRAKASH,2532
ADVENZYMES,1273452
AARTIDRUGS,20
TEAMLEASE,1273242
SSWL,3196
MOSCHIP,2130
DCAL,1274141
VSTTILLERS,3712
KSL,1698
AJMERA,108
DALMIASUG,763
SIYSIL,3093
KIRLOSIND,1791
ORISSAMINE,2363
IRBINVIT,1274073
MEDIASSIST,1284633
DCXINDIA,1275347
63MOONS,1018
ARVSMART,1272994
PFOCUS,2564
GATEWAY,1275195
NOCIL,2289
CAMLINFINE,575
GUJTHEM,1257
CAPACITE,1274144
ARKADE,1284982
GLOBUSSPR,1154
PAISALO,2929
SUNDROP,93
SJS,1275092
SAGCEM,2834
DEEPINDS,1274867
RPEL,1273330
SINDHUTRAD,3083
WSTCSTPAPR,3747
DIAMONDYD,1274153
SHK,1273122
ALLCARGO,134
GIPCL,1236
SUVEN,3303
VISHNU,3686
AVANTEL,340
SERVOTECH,1274127
STYLAMIND,3219
GREENPANEL,1274706
SGLTL,1285221
JINDALPOLY,1623
DDEVPLSTIK,1275262
FCL,1021
KKCL,1757
RPSGVENT,1274616
PRINCEPIPE,1274719
MAITHANALL,1979
BFUTILITIE,439
UTKARSHBNK,1284416
BOMDYEING,529
BEPL,453
FUSION,1275354
INTERARCH,1284931
TAJGVK,3341
SDBL,3121
POKARNA,2501
SPECTRUM,1274564
MARINE,1274579
HPL,1273519
TCIEXP,1273600
MTNL,1963
QPOWER,1285329
ASHIANA,272
TIRUMALCHM,3415
KCP,1737
FLAIR,1284431
MANGCHEFER,1995
SOTL,2916
LAOPALA,1851
GENESYS,1119
BAJAJHIND,374
ALEMBICLTD,120
MARATHON,2006
KPEL,1273264
SBCL,2992
PRABHA,1285423
JTLIND,63890
PENIND,2451
VEEDOL,3418
KOLTEPATIL,1813
MUTHOOTMF,1284605
INDOTECH,1463
PSPPROJECT,1274075
ORIENTHOT,2360
HINDOILEXP,1346
GOODLUCK,1183
REPCOHOME,353946
AUTOAXLES,334
HUBTOWN,1376
SANGHVIMOV,2879
HATHWAY,1286
ADFFOODS,62
DCW,775
MONARCH,2243
DELTACORP,97569
CAPINVIT,1285226
PRECWIRE,2545
SULA,1275376
VENUSPIPES,1275226
WINDMACHIN,3757
NILKAMAL,2269
CENTUM,608
KRSNAA,1274906
BAJAJCON,370
VENKEYS,3630
SEAMECLTD,2931
SASKEN,2905
SENORES,1285204
FOSECOIND,1043
MBAPL,1273482
ZOTA,1274070
PREMEXPLN,2550
NUCLEUS,2308
HGS,1331
SMLISUZU,3105
RAMRAT,2652
TASTYBITE,3361
SANDHAR,1274309
XPROINDIA,3775
EVEREADY,971
SEPC,3045
JYOTISTRUC,1671
VIMTALABS,3661
AEROFLEX,1284464
SCILAL,1284727
LUMAXIND,1922
STYLEBAAZA,1284950
ANZEN,1275363
EIHAHOTELS,890
VPRPL,1284467
TVSSRICHAK,3503
PANAMAPET,2395
MANGLMCEM,1991
MAHLOG,1274191
POCL,2517
NRBBEARING,2300
JUBLCPL,1285333
PARAGMILK,1273362
ASALCBR,303
WEL,1274682
FINOPB,1274991
CARRARO,1285206
LAXMIDENTL,1285230
SUMMITSEC,3241
DOLLAR,1274061
RAJRATAN,2647
VIDHIING,3649
GEOJITFSL,1125
INDOCO,1274892
SMSPHARMA,3107
PFS,2588
MAYURUNIQ,2040
SAKSOFT,2845
HONDAPOWER,1365
WINDLAS,1274901
CANTABIL,580
INDIANHUME,1444
AGIIL,1270784
SPANDANA,1274685
JNKINDIA,1284760
INSECTICID,1502
CUPID,745
SHALBY,1274219
STOVEKRAFT,1274828
VSSL,5313
BAJEL,1284616
GOODYEAR,1185
RAMCOIND,2659
PIXTRANS,2490
ACCELYA,1688
NITINSPIN,2282
RELTD,2699
MOBIKWIK,1285186
INDOTHAI,1464
SANGAMIND,2874
YASHO,1274312
WENDT,3745
ALPEXSOLAR,1284662
JINDRILL,1620
TARSONS,1275103
KICL,1697
NOVARTIND,2297
FILATEX,1014
QUADFUTURE,1285218
NIBE,327304
UDS,1284513
EXICOM,1284694
GRMOVER,1212
IOLCP,1537
AMRUTANJAN,177
RPTECH,1284661
THEJO,1272810
HITECH,1273262
GTLINFRA,1219
FMGOETZE,1003
SPAL,1273461
BFINVEST,438
NELCO,2231
HLEGLAS,3323
KALAMANDIR,1275253
BETA,1274175
SOLARA,1274371
DANISH,1285133
RANEHOLDIN,2673
TFCILTD,3448
NIITLTD,2261
MOL,1274917
HIMATSEIDE,1323
BAJAJHCARE,1273348
SATIN,1272993
CARYSIL,52
CONFIPET,697
STEELCAS,3193
MANINDS,1985
STANLEY,1284815
HMT,1364
SOMANYCERA,3123
IKIO,1284374
SALZERELEC,2852
APOLLOPIPE,180
PNBGILTS,2497
LANDMARK,1275377
SANSTAR,1284857
SESHAPAPER,2945
MOTISONS,1284601
UGROCAP,645
CLSEL,619
IPL,1274881
SPIC,3136
KRISHANA,1273647
ARMANFIN,243
TATVA,1274895
WHEELS,3751
MOLDTKPAC,2113
SIMPLEXINF,3075
HINDWAREAP,1274717
MMFL,1932
TTKHLTCARE,3487
TINNARUBR,3427
HMAAGRO,1284380
GPTINFRA,1194
GEPIL,149
DREDGECORP,854
UNIVCABLES,3560
APCOTEXIND,212
VINDHYATEL,3664
SABTNL,3163
HESTERBIO,1309
JAGRAN,1567
IDEAFORGE,1284396
DLINKINDIA,756
JAICORPLTD,1572
SURAKSHA,1285177
ONEPOINT,1274224
UNITECH,3545
ICEMAKE,1274213
SYNCOMF,3328
ARIHANTSUP,240
QUICKHEAL,1273252
DEEDEV,1284811
NDRAUTO,1274767
TALBROAUTO,3345
SIRCA,1274355
UDAICEMENT,568157
SANGHIIND,2876
DCMSRIND,774
DEN,792
ADOR,75
COSMOFIRST,721
RAMASTEEL,1272988
GMBREW,1065
MASTERTR,2028
DOLPHIN,846
PARACABLES,2412
PRECAM,1273237
ESAFSFB,1284556
SALASAR,1274104
VERANDA,1275198
HIRECT,1326
DOLATALGO,843
DAMCAPITAL,1285200
RUPA,2808
JAGSNPHARM,1569
KMEW,1274846
SHANKARA,1273698
NAVKARCORP,1273002
ANDHRAPAP,187
ELECTHERM,906
GRPLTD,1251
AGARIND,88
TIL,3420
HUHTAMAKI,2407
GREENPOWER,2354
BLKASHYAP,354
RAMCOSYS,2660
ALLDIGI,138
IGARASHI,1397
UNIPARTS,1275368
GANDHAR,1284569
ORIENTTECH,1284927
DIVGIITTS,1284316
MUKANDLTD,2149
SIGACHI,1275090
SURAJEST,1284586
CIFL,473
ROTO,2785
PLATIND,1284697
BIRLANU,1377
ESFL,1284393
BSHSL,1274331
DSSL,864
GOCLCORP,1260
OMAXE,2329
AWHCL,1274824
MICEL,2073
GNA,1273506
ASTEC,306
CAPITALSFB,1284667
BLSE,1284654
INDNIPPON,1428
RAJRILTD,2632
EKC,973
ATULAUTO,318
SHRIRAMPPS,1275120
JGCHEM,1284705
SURYODAY,1274851
HEUBACHIND,670
YATRA,1284491
ANDREWYU,189
EXCELINDUS,979
SPMLINFRA,3154
MSPL,2143
TBZ,3469
KODYTECH,1284496
MADRASFERT,1948
EXPLEOSOL,3413
DYCL,1274216
GPTHEALTH,1284689
RIIL,2725
KERNEX,1752
WALCHANNAG,3723
SSEGL,1284872
IGPL,1379
ASIANENE,294
DREAMFOLKS,1275278
TEXINFRA,3401
IFGLEXPOR,1274196
BLISSGVS,507
SARTELE,1284548
BHARATWIRE,1273307
UNIECOM,1284886
MUFIN,1274696
PUNJABCHEM,2598
IMPAL,1427
DPSCLTD,849
SAHANA,1284373
DVL,823
VINCOFE,1270733
AYMSYNTEX,3743
OWAIS,1284693
RGL,2740
FAZE3Q,998
RMDRIP,1274154
HARIOMPIPE,1275206
MONTECARLO,1176414
THEMISMED,3411
IRMENERGY,1284537
GULPOLY,1261
ROSSTECH,1285189
BARBEQUE,1274859
GTPL,1274089
REMUS,1284364
ECOSMOBLTY,1284945
SMCGLOBAL,1274832
LINCOLN,1893
BOROSCI,1284806
AMNPLST,167
BUTTERFLY,561
SIGNPOST,1284684
ESTER,964
SHREDIGCEM,2999
SPORTKING,1272957
CHEMFAB,1274330
RML,2670
STERTOOLS,3207
CENTENKA,610
OSWALAGRO,2369
5PAISA,1274195
OMINFRAL,2327
AIMTRON,1284793
BCLIND,414
OAL,576
VHL,3609
DHANBANK,806
AVADHSUGAR,1274108
FAIRCHEMOR,1274823
CREST,2966
MATRIMONY,1274140
HITECHGEAR,1312
UTTAMSUGAR,3579
GKWLIMITED,1140
KRISHNADEF,1275194
ALICON,127
MVGJL,1284498
UNIENTER,3538
VAKRANGEE,3592
RADHIKAJWE,1273512
DECCANCE,778
PDMJEPAPER,1273295
ADSL,137
TAC,1284732
KROSS,1284971
RKSWAMY,1284701
OSWALGREEN,2370
YUKEN,3786
GALAPREC,1284954
CEWATER,1285203
DENTALKART,1284367
LGHL,1274746
KOKUYOCMLN,1812
KELLTONTEC,3701
CREATIVE,1274053
SAURASHCEM,2911
LIKHITHA,1274798
ROHLTD,2788
PASHUPATI,1274132
CELLECOR,1284489
HERANBA,1274836
CENTRUM,607
JITFINFRA,1273645
STEELXIND,3194
WEALTH,1273302
SUYOG,694435
KSOLVES,1274762
TECHLABS,1284612
EIMCOELECO,892
TVTODAY,3499
VINYAS,1284518
RISHABH,1284471
HEXATRADEX,1310
CONTROLPR,706
SILVERTUC,1274204
PPL,1274670
MAXIND,1274778
XCHANGING,572
PARSVNATH,2427
MUKKA,1284695
SOLEX,1274264
KOPRAN,1816
VILAS,1284790
GARUDA,1285112
GICHSGFIN,1130
MAGADSUGAR,1274106
ANDHRSUGAR,188
NITCO,2278
COOLCAPS,1275182
PENINLAND,2449
KABRAEXTRU,1679
GGBL,1284841
BIGBLOC,1273472
SAHASRA,1285010
VALIANTORG,1273533
SWELECTES,2309
NCLIND,2222
KOTHARIPET,1820
ARROWGREEN,250
MAMATA,1285198
MANALIPETC,1988
ZEEMEDIA,3790
INDOAMIN,1454
INDORAMA,1462
ZUARI,249383
DISHTV,835
TNPL,3349
SATINDLTD,2906
AVTNPL,346
BESTAGRO,1273249
AFSL,1275375
SRHHYPOLTD,3158
KUANTUM,1843
ACLGATI,1105
VASCONEQ,3617
DHUNINV,822
SHALPAINTS,2957
DIFFNKG,1285013
APTECHT,222
SHIVALIK,1270846
BLAL,1284352
JPOLYINVST,615823
RICOAUTO,2754
GODAVARIB,1285137
ZUARIIND,3808
SNOWMAN,1030443
BALAJITELE,381
MUFTI,1284607
ANUHPHR,208
APS,1284629
KECL,1789
VLSFINANCE,3700
JINDALPHOT,1622
GANESHBE,1089
VERTOZ,1274201
DHAMPURSUG,802
SANDESH,2870
GANESHIN,1285176
ELDEHSG,899
BODALCHEM,524
SASTASUNDR,2076
BASILIC,1284472
HLVLTD,1368
BIRLAMONEY,69
NINSYS,1273332
RACLGEAR,2695
TREL,1284455
WANBURY,3726
SELAN,2936
EVERESTIND,972
MACPOWER,1274301
GANDHITUBE,1086
BIL,468
SARLAPOLY,2900
JPASSOCIAT,1581
SJLOGISTIC,1284582
RPPINFRA,2791
DENTA,1285238
NAHARSPING,2190
SBGLP,1274772
ASAL,335
SHREEPUSHK,1273007
GEECEE,1113
WCIL,1284983
PAKKA,3779
PRIMESECU,2567
SGIL,1274558
NDTV,2245
GHCLTEXTIL,1284390
AMBIKCO,161
20MICRONS,11
ZTECH,1284795
VHLTD,3644
NELCAST,2230
RITCO,1274624
BAJAJINDEF,1285339
DWARKESH,863
KRYSTAL,1284715
MANAKCOAT,1270786
URJA,3571
STCINDIA,3191
SURAJLTD,3283
KARNIKA,1284526
KAMDHENU,1705
MALLCOM,1273081
DMCC,812
ELIN,1275383
SATIA,1270886
SRM,1284734
INFOBEAN,1272917
TVSELECT,1272519
INDOFARM,1285209
THEINVEST,1042
MUNJALAU,2160
VMARCIND,1274863
CSLFINANCE,701
KAMATHOTEL,1704
RADIANTCMS,1275390
REPRO,2741
LEMERITE,1275215
CPCAP,587
JAYAGROGN,1594
CHEMCON,1274787
SCHAND,1274068
CHEMBOND,630
FOCE,1275126
BGRENERGY,441
ARIHANTCAP,238
STEL,100066
SADHNANIQ,2830
PVSL,1284714
RSWM,2795
RATNAVEER,1284470
ASIANHOTNR,292
BHAGERIA,444
FOCUS,1274055
ALLETEC,1275372
DHARMAJ,1275369
MOS,1284337
SUBEXLTD,3223
LIBERTSHOE,1885
TIRUPATI,1274161
TNPETRO,3352
NGLFINE,2252
JAYBARMARU,1589
SICALLOG,3057
INNOVANA,1274215
MANBA,1285003
RUSHIL,2810
SUKHJITS,3236
JAYBEE,1284941
ENIL,942
DICIND,828
APEX,1274129
SARVESHWAR,1274294
SPECIALITY,3142
PVP,2603
TPLPLASTEH,3451
RUBYMILLS,2801
LINC,1892
PRIMO,2597
FOODSIN,1037
COFFEEDAY,1273114
MINDTECK,2091
DBEIL,1285132
ASIANTILES,290
SVLL,1274357
SILINV,3066
HINDCOMPOS,1336
TRANSWORLD,3030
SBC,1274676
CCCL,699
SAKAR,1273532
GLOSTERLTD,1274618
HMVL,1344
CHEVIOT,639
PREMIERPOL,2552
ORICONENT,2350
RNFI,1284860
ESSARSHPNG,961
ATL,1284454
CONSOFINVT,700
GFLLIMITED,1232
AVONMORE,139
ANNAPURNA,1275299
SUTLEJTEX,3302
ASHIMASYN,275
SAHAJSOLAR,1284845
IRIS,1274171
HARDWYN,1274332
C2C,1285168
NBIFIN,1273575
TRACXN,1275332
ONWARDTEC,2341
GVKPIL,1264
BAHETI,1275367
PYRAMID,1284453
MMP,1274325
VINSYS,1284433
SREEL,259688
KILITCH,1777
SPENCERS,1274620
INDOBORAX,1458
ZODIAC,1274211
MEGATHERM,1284647
MENONBE,2061
RBL,2671
UTSSAV,1284879
VISHAL,994580
SAKUMA,2848
MEDICAMEQ,2050
DONEAR,847
TICL,3356
IL&FSENGG,1402
VARDMNPOLY,3611
EMAMIPAP,1272563
SWANDEF,2484
ADVANIHOTR,80
KHAICHEM,1764
RBZJEWEL,1284608
HINDMOTORS,1345
KNAGRI,1275183
STALLION,1285236
KRISHIVAL,1275193
KHADIM,1274193
VIVIANA,1275293
KRONOX,1284800
NDL,2195
VISAKAIND,3683
EIFFL,1273693
ACL,185
EFFWA,1284842
MBLINFRA,2042
ABINFRA,1274678
ONMOBILE,2339
HIGREEN,1284500
INFOLLION,1284370
AURUM,1272987
SRGHFL,80786
RAMANEWS,2653
SKMEGGPROD,3097
BEDMUTHA,418
VINYLINDIA,3668
PTL,2590
VLEGOV,1284462
ORIENTPPR,2355
PLASTIBLEN,2494
VRAJ,1284832
KRITI,1835
PROZONER,124090
ASMS,404
NAHARPOLY,2189
KRITINUT,1836
HERCULES,1306
UGARSUGAR,3523
TOLINS,1284968
NECLIFE,2225
URAVIDEF,1274311
EMKAY,923
DJML,1274745
MEGASOFT,2054
TARACHAND,1274302
MAZDA,2041
PRECOT,2546
HPAL,1275124
SOFTTECH,1274342
MEDICO,1274269
GSLSU,1284321
SUMIT,1274411
ALBERTDAVD,116
S&SPOWER,1268651
BHARATSE,464
SPCENET,627811
DBOL,1275302
CHANDAN,1285321
VIKASLIFE,1274660
GIRIRAJ,1274314
GENUSPAPER,1270585
DIGISPICE,2817
INTLCONV,1526
INFINIUM,1284339
SINCLAIR,3082
SHREERAMA,3015
CLEDUCATE,1273686
MANAKSIA,1987
MUNJALSHOW,2161
MANAKSTEEL,1270788
CYBERTECH,752
XTGLOBAL,1049
MAANALU,1935
PAVNAIND,1274839
BIRLACABLE,492
TEMBO,1274396
ACCENTMIC,1284581
INDSWFTLAB,1415
ABCOTS,1275148
IZMO,1906
GOKUL,1170
AVPINFRA,1284717
RACE,762687
TGL,1284747
NILASPACES,1274609
RAMAPHO,2656
MGEL,1274713
NRAIL,2179
IFBAGRO,1392
FCSSOFT,999
EMAMIREAL,917
MUTHOOTCAP,2167
HCL-INSYS,1296
NOVAAGRI,1284638
UNIDT,3550
ORBTEXP,2346
BANSWRAS,400
GPECO,1284807
RCOM,2724
TRF,3468
IRISDOREME,1274587
KAPSTON,1274320
SRD,1274607
IITL,1482
NAHARCAP,2187
WSI,3719
ORIENTCER,2351
NAHARINDUS,2188
KDL,1284375
MAHASTEEL,1961
GOACARBON,1160
KOTHARIPRO,1821
ATMASTCO,1284678
ZIMLAB,1274362
NRL,1275125
PCCL,1284826
AFFORDABLE,1274359
OBSCP,1285136
GUJAPOLLO,1226
SEJALLTD,2947
THOMASCOTT,3417
SMSLIFE,1274121
VENUSREM,3635
VIKASECO,3655
VISHNUINFR,1284528
VALIANTLAB,1284509
NDGL,1273468
PASUPTAC,2431
DENORA,776
PARIN,1274575
MOLDTECH,2114
RBMINFRA,1275384
MIRZAINT,2098
BCONCEPTS,1274250
OCCLLTD,1285141
KCPSUGIND,1738
SWARAJ,1275184
SHREEKARNI,1284706
REMSONSIND,2739
FILATFASH,1013
FROG,1272720
ASAHISONG,267
UNITEDPOLY,1273372
BROOKS,555
APCL,196
MODISONLTD,2109
BYKE,3410
3IINFOLTD,12
EUROBOND,1275118
VISASTEEL,3680
EMKAYTOOLS,1272985
CMNL,1275398
LYKALABS,1926
MAHEPC,944
LANCER,1273327
ALMONDZ,140
SUPREME,3278
KANORICHEM,1713
PROV,1284369
FRESHARA,1285119
HTMEDIA,1375
ALANKIT,967
PANACHE,1274064
LORDSCHLO,1912
SHRIAHIMSA,1285426
GEEKAYWIRE,1274126
MWL,1275243
TEJASCARGO,1285331
TIRUPATIFL,1274173
SKP,1275246
KOTYARK,1274990
RHL,1284357
AVG,1274324
NILAINFRA,2265
DCI,1274718
DUGLOBAL,1274913
BALAJEE,1284967
AARTISURF,1274763
PELATRO,1284991
SOUTHWEST,1274247
NIPPOBATRY,2273
PILITA,2443
NAMOEWASTE,1284961
TREJHARA,1274610
DAVANGERE,1274854
ORIENTBELL,2352
GCHOTELS,1285421
HARRMALAYA,1280
RUBFILA,2799
DIAMINESQ,825
RUCHIRA,2805
BPL,539
MODIRUBBER,2107
ARIES,237
SHIVAMAUTO,2993
MAWANASUG,1271490
CGRAPHICS,1284743
MCLEODRUSS,1272662
CHAVDA,1284483
NIRAJ,2274
OSELDEVICE,1284988
WTICAB,1284666
SSDL,1284902
AARON,1274406
MANORG,857
COMSYN,1273430
BBTCL,1274583
GRETEX,1273534
SINTERCOM,1274279
AXITA,1274613
RADIOCITY,1273663
GOLDKART,1274704
KAMOPAINTS,1275408
VARDHACRLC,3607
SCPL,1274186
KAYA,1272982
VIESL,1284969
MIRCELECTR,2097
ATLANTAA,314
AIRAN,1273675
PANSARI,1273548
APOLSINHOT,1270744
PRATHAM,1284711
GOYALSALT,1284505
NAVKARURB,2218
UYFINCORP,1174
SHERA,1275426
AARVEEDEN,22
DYNPRO,870
LOKESHMACH,1909
DPWIRES,1274158
VIPCLOTHNG,2037
AFIL,1284816
INSPIRISYS,40
REPL,1274383
ELGNZ,1285316
INM,1284679
BALAJIPHOS,1285341
SYSTANGO,1284317
INDOUS,1274344
UCAL,3520
GENSOL,1274702
OSIAHYPER,1274648
SHRADHA,1274214
DCMNVL,1274680
DRCSYSTEMS,1274840
UNIVASTU,1274107
BALAXI,1273133
SPCL,1284825
DRONE,1284412
PODDARMENT,2500
PHANTOMFX,1275334
IEL,1275396
MANCREDIT,3342
HITECHCORP,1362
GLOBAL,1273654
SPECTSTM,1284377
IVC,1403
SUPREMEPWR,1284613
GLOBALVECT,1150
TTL,3337
SUNDRMBRAK,3251
ANIKINDS,191
KOTARISUG,1822
MANOMAY,1273683
CINELINE,658
STARTECK,2284
AUTOIND,331
NATHBIOGEN,728818
OILCOUNTUB,2321
KRISHCA,1284365
ELGIRUBCO,1272779
SIGMA,1274800
DPEL,1284824
WELINV,3741
POSITRON,1284901
EMAPARTNER,1285233
ABSMARINE,1284777
VSTL,1284672
SAHYADRI,2840
MARALOVER,2005
RVHL,1274821
SAKHTISUG,2847
EXXARO,1274907
PONNIERODE,2518
SHEMAROO,1059829
JAINAM,1274974
KRITIKA,1274577
JAYSREETEA,1591
KCEIL,1284620
UFO,1270842
NAGAFERT,1273385
SAAKSHI,1284510
NITIRAJ,1273657
ROSSELLIND,2783
KEYFINSERV,1759
PRITIKAUTO,1273063
TERASOFT,3399
KANPRPLA,1714
ANYA,1285208
PIGL,1274329
SHIVATEX,2990
KMSUGAR,1803
GOLDSTAR,1274168
DENEERS,1284356
RVTH,1284989
CCHHL,723
STARPAPER,3184
GRCL,1275410
BEWLTD,1274918
INDOWIND,1470
ACTIVEINFR,1285422
ZODIACLOTH,3805
RAJTV,2633
SHREYANIND,3028
UMAEXPORTS,1275196
COASTCORP,532263
SADBHAV,2829
PPAP,2544
SUPREMEINF,3280
MKPL,1274059
SURANAT&P,3287
EMMIL,1284774
DYNAMIC,1274980
WINSOL,1284769
ESSENTIA,530762
PLAZACABLE,1284524
KATARIA,1284854
A2ZINFRA,16
AHLEAST,291
BASML,398
MEGASTAR,1274354
AERON,1284942
KBCGLOBAL,1274310
RBS,1284748
DEVIT,1274057
SETCO,2946
TRIGYN,3475
UNIHEALTH,1284480
MADHUSUDAN,1284494
NEPHROCARE,1284836
GILLANDERS,1131
ESPRIT,1284868
SDREAMS,1284995
ESCONET,1284681
MHLXMIRU,1959
WORTH,1274149
NURECA,1274833
SATKARTAR,1285229
RANEENGINE,2672
ABAN,26
BHAGYANGR,449
TCL,1284680
IPSL,1275348
COMMITTED,1284448
PKTEA,2456
PROPEQUITY,1275191
FELIX,1274210
ALPA,143
SOMICONVEY,3124
PRLIND,1284780
VR,1284703
VIRINCHI,3678
PURPLEUTED,1285182
SAH,1275392
KCK,1275240
NECCLTD,72084
CORDSCABLE,711
UNIVPHOTO,1274735
BRNL,1274136
INTENTECH,1517
DGCONTENT,1274671
TIPSFILMS,1275333
NIRMAN,1284327
AVROIND,1274389
LAWSIKHO,1284634
GICL,1273553
RANASUG,2667
TECHERA,1285007
KALYANIFRG,1696
ENVIRO,1284981
MAXVOLT,1285325
USK,1284331
MURUDCERA,2166
NATCAPSUQ,2214
GOLDTECH,1179
VETO,1270825
GINNIFILA,1134
SHUBHSHREE,1284972
ZEELEARN,3789
CHETANA,1284866
MAITREYA,1284543
APRAMEYA,1284865
WATERBASE,3729
NDLVENTURE,1332
ETML,1285180
AGARWALTUF,1285174
DUCOL,1275399
ZEAL,1284434
GULFPETRO,2837
LAGNAM,1274413
ATCENERGY,1285427
AMJLAND,2592
TAINWALCHM,3340
UNITEDTEA,3553
ENFUSE,1284722
SHRITECH,1284427
VISHWARAJ,1274701
TRUST,1284733
ASPINWALL,1273375
YASHOPTICS,1284737
EMMBI,924
LAL,1274278
ANLON,1275393
LLOYDS,1275321
EQUIPPP,2293
KORE,1275281
ARCHIDPLY,230
LAKSHYA,1285117
DCM,772
AKANKSHA,1284530
EFACTOR,1284514
DUCON,166230
INDIANCARD,1441
TRANSTEEL,1284545
BAFNAPH,363
KHFM,1274651
PURVFLEXI,1284691
PRITIKA,1275364
RPPL,1274559
AURDIS,1273536
OMAXAUTO,2328
DTIL,1228189
MAGNUM,1956
HVAX,1285014
SHAH,1266
CROWN,1273511
RKEC,1274165
GENCON,1273091
RUCHINFRA,2802
QUESTLAB,1284785
SHYAMCENT,1273021
AKSHARCHEM,114
SHREEOSFM,1284588
JMA,1270760
FIDEL,1275234
INCREDIBLE,918886
SUPERHOUSE,1271340
AARTECH,1274639
HINDCON,1274292
SIKKO,1274060
HDIL,1370
TEXMOPIPES,3403
INNOMET,1284977
MASON,1284827
WEIZMANIND,3732
RAJPUTANA,1285171
UMANGDAIRY,3526
TBI,1284797
ENSER,1284723
RAJINDLTD,1284876
JEYYAM,1284952
MANAKALUCO,1270785
TROM,1284869
TUNWAL,1284852
CANARYS,1284520
FORCAS,1284928
ROYALARC,1285330
RSSOFTWARE,2794
OCCL,2359
SMLT,1273676
MDL,1274303
ATALREAL,1274799
SURANI,1274625
MAHESHWARI,1273617
SADBHIN,1273053
IVP,1556
KREBSBIO,1829
PRAXIS,1274260
MACOBSTECH,1284853
URBAN,1284378
LOTUSEYE,1915
SALSTEEL,2849
SSFL,1284443
KKJEWELS,1285231
WOMANCART,1284535
GSMFOILS,1284791
IEML,1284779
SURANASOL,3288
ISFT,1531
LANCORHOL,1867
VIPULLTD,3674
ARIHANTACA,1275378
BALPHARMA,377
AKSHOPTFBR,113
DELAPLEX,1284646
KAVVERITEL,1731
SONAMLTD,1274367
GVPTECH,1273219
COMPUSOFT,694
QMSMEDI,1275311
RHFL,1274143
DRSDILIP,1274601
KLL,1284623
PRUDMOULI,1267650
VITAL,1275346
CORALFINAC,708
AARVI,1274156
DELPHIFX,1272794
INDTERRAIN,1451
NEWJAISA,1284512
BSL,559
ALPHAGEO,144
MAHAPEXLTD,1957
INVENTURE,1532
ARVEE,1274270
SMARTLINK,3103
RAPIDFLEET,1285420
CAPTRUST,581
MUKTAARTS,2154
XELPMOC,1274619
AAREYDRUGS,19
GREENCHEF,1284398
INDBANK,1417
HILTON,1317
BARFLEX,1285228
RAJSREESUG,2648
USHAFIN,1285122
STEELCITY,1273643
GANGESSECU,1274105
MCL,1273636
SOMATEX,3122
IPHL,1284936
ALUWIND,1284742
ZENITHEXPO,3795
VAISHALI,1274123
VEEKAYEM,1275265
MADHAVBAUG,1275172
SELMC,2935
CENTEXT,611
BTML,1274802
TIMESGTY,3424
LAMBODHARA,1864
SIGIND,3062
DCG,1284745
RAJMET,1274571
BEACON,1284792
PRIZOR,1284848
ARHAM,1275371
PRAENG,2530
HINDNATGLS,1352
SADHAV,1284690
AESTHETIK,1284887
RAPPID,1285001
YAARI,1436
MODTHREAD,1271241
AVIANSH,1284999
IBLFL,1284628
HPTL,1285334
SAMBHAAV,2856
LATTEYS,1274360
HPIL,1274727
PRAMARA,1284475
LOYALTEX,1917
PIONEEREMB,2482
SOTAC,1284338
SONAMAC,1284702
REFRACTORY,1284768
SYLVANPLY,1284823
KOHINOOR,1810
PARAGON,1284540
AIROLAM,1274164
LOVABLE,1916
MASTER,1284499
JOCIL,1643
GAYAPROJ,1107
SHIGAN,1275179
APEXECO,1285173
ROML,2630
GLOBALPET,1284406
DESTINY,1274979
ZENITHDRUG,1284682
SLONE,1284770
SALONA,2850
MAXPOSURE,1284631
VASWANI,3618
HOLMARC,1284495
KONSTELEC,1284635
OSWALSEEDS,1274368
HOMESFY,1275385
ROCKINGDCE,1284571
BAIDFIN,368
BAGFILMS,365
GTL,1220
SIL,3181
CPS,1284473
WIPL,1274054
TARMAT,2777
PAR,1274665
SAMPANN,57205
MANGALAM,1992
PALASHSECU,1274109
DHRUV,1274343
FLEXITUFF,1033
TAKE,3343
TOKYOPLAST,3442
DIGIDRIVE,1284632
SHAHALLOYS,2950
PULZ,1274200
ACCURACY,1274370
ATAM,1274791
PRITI,1274369
RELCHEMQ,2723
OMFURN,1274179
SUNLITE,1284900
SECMARK,1274789
PRAKASHSTL,2533
GOYALALUM,1274305
TOTAL,1274115
MOKSH,1274241
ODIGMA,1285195
GLOBE,1274085
USASEEDS,1275261
BHARATGEAR,459
VOLERCAR,1285324
PARTYCRUS,1274838
DIGIKORE,1284507
SONUINFRA,1275223
CRAYONS,1284366
REGENCERAM,2713
JHS,1616
BHANDARI,452
SCML,1284527
ARTNIRMAN,1273554
ASCOM,1274715
UMIYA-MRO,2142
FIBERWEB,1009
SURYALAXMI,3297
OBCL,1274321
UHTL,1285135
SIDDHIKA,1274861
KESORAMIND,1755
DECCANTRAN,1284984
KAKATCEM,1686
SHEETAL,1284579
MHHL,1272981
LPDC,1869
DTL,1284833
GSS,1218
CUBEXTUB,742
SAJHOTELS,1285012
SEMAC,2746
DELTIC,1285223
BRACEPORT,1284905
MITCON,1272891
HISARMETAL,1358
BEARDSELL,416
PSFL,1284986
GROBTEA,1273429
AUSOMENT,328
PARAMATRIX,1284944
ASHALOG,1284877
HECPROJECT,1270259
NAMAN,1284726
MOTOGENFIN,2134
IL&FSTRANS,1404
KEL,1284487
MAGSON,1284399
PSRAJ,1285322
EXCEL,980
PATINTLOG,2434
AJOONI,1274245
DHARIWAL,1284880
AISL,1274198
SWASTIK,1275320
SPLIL,3152
FCONSUMER,1060
SANGANI,1284442
VELS,1284324
AAATECH,1274796
ORCHASP,750
ONDOOR,1284538
SRIVASAVI,1284309
FONEBOX,1284648
SECURKLOUD,15
K2INFRA,1284741
ARSSINFRA,254
SUNDARAM,3254
MCON,1284320
REXPRO,1285240
DBSTOCKBRO,754
TPHQ,1129
CADSYS,1274155
DHANLAXMI,1285183
AMBEY,1284838
ONYX,1285152
KEN,1285315
ARVINDPORT,1284534
ZENITHSTL,3792
AGRITECH,725818
ROXHITECH,1284560
ARISTO,1275404
ENERGYDEV,934
MAHICKRA,1274333
SFML,1285188
COUNCODOS,724
TOUCHWOOD,1274221
BAWEJA,1284645
AMDIND,165
LASA,1274142
SILGO,1274578
WOL3D,1285000
PRESSTONIC,1284583
ALKALI,131
CINEVISTA,660
ANMOL,1274627
FMNL,1059
READYMIX,1285318
MVKAGRO,1284699
DOLLEX,1275380
SATECH,1284870
FORGEAUTO,1285011
EFORCE,1284606
PPSL,1284884
NAGREEKEXP,2186
PARASPETRO,2415
UWCSL,1274589
BVCL,401
AHLADA,1274563
AAKASH,1274334
AKIKO,1284821
KANDARP,1275307
MARCO,1284504
SUVIDHAA,1274853
CLSL,1284459
SILKFLEX,1284776
BLUEPEBBLE,1284729
SKIL,1367
CTE,573
DURLAX,1284813
SERVICE,1284420
ORIENTLTD,2356
AMEYA,1275282
BLBLIMITED,506
ISHANCH,1546
VLINFRA,1284861
BANARBEADS,391
SECL,1274692
JAIPURKURT,1273525
DIGJAMLMTD,1273414
21STCENMGM,3504
RULKA,1284786
DAMODARIND,764
PRANIK,1285114
GRAPHISAD,1284575
SYNOPTICS,1284405
TRU,1273628
PROLIFE,1273612
TFL,3462
MYMUDRA,1284964
ARABIAN,1284508
SEL,1284466
AGSTRA,1275162
AUSL,1284970
ARSHIYA,252
MITTAL,1274313
GODHA,1274341
AMBANIORGO,1274386
AVSL,1273522
ORIENTALTL,2361
BANKA,1274287
MAL,1284502
3PLAND,2591
VIAZ,1284302
LCCINFOTEC,1874
IDENTICAL,1285197
SHEKHAWATI,2972
DELTAMAGNT,789
ANSALAPI,205
DANGEE,1274407
BIOFILCHEM,488
RELIABLE,1274172
INDSWFTLTD,1413
HRHNEXT,1284622
BABAFP,1284554
LEXUS,1274125
CELEBRITY,600
TECILCHEM,1267945
UNILEX,1285006
SHIVAMILLS,1274285
IDEALTECHO,1284933
DIVINEHIRA,1285352
LFIC,1859
VINNY,1274580
GANGAFORGE,1274382
SAIFL,1284615
VDEAL,1284947
HAVISHA,3039
AKI,1274581
CURAA,747
RILINFRA,1275231
HBSL,1294
RKDL,2697
JFLLIFE,1275273
HOVS,1372
CEREBRAINT,615
AUROIMPEX,1284359
MEGAFLEX,1275292
AGROPHOS,1273571
ADROITINFO,687
BANG,394
VISHWAS,1284725
PREMIUM,1285134
ASTRON,1274244
OLIL,1284521
NEELAM,1285146
GOLDENTOBC,1176
ARCHIES,231
KEEPLEARN,460331
TRIDHYA,1284403
NOIDATOLL,2291
KALANA,1285004
MALUPAPER,1983
PALREDTEC,1045
PATTECH,1284345
UCL,1274394
KARMAENG,1272778
NARMADA,1274328
BALKRISHNA,1272964
SIMBHALS,1273278
REXPIPES,1274898
DNAMEDIA,1274212
DEEM,1284688
UMA,1275379
SUPERSPIN,3272
TARAPUR,3359
DIVYADHAN,1285009
EROSMEDIA,950
SEYAIND,1269171
MADHUCON,1942
BMETRICS,1274983
JETFREIGHT,1273585
ASPIRE,1284730
HOACFOODS,1284788
QUICKTOUCH,1284351
ABHAPOWER,1285175
LRRPL,1284300
PENTAGON,1284397
ADL,1274788
ICDSLTD,1268143
SAGARDEEP,1273358
ATLASCYCLE,315
MILTON,1274180
JISLDVREQS,1270590
VERTEXPLUS,1284319
BIRDYS,1284750
NIBL,388279
CHAMUNDA,1285313
SUPREMEENG,1274408
AROGRANITE,246
MANUGRAPH,2003
RADIOWALLA,1284738
BINANIIND,483
RETAIL,1284835
AILIMITED,1274878
DKEGL,1274987
ITALIANE,1284659
RCDL,1284536
MIEL,1284864
VISAMAN,1284831
GATECH,3178
PEARLPOLY,2446
NORBTEAEXP,2292
NMSTEEL,1285199
AMBICAAGAR,160
ABMINTLLTD,1273376
KONTOR,1284519
SITINET,3764
AGNI,1275260
ITTL,1274162
ASHOKAMET,1274265
AKASH,1273661
NEXTMEDIA,2248
AKSHAR,1274345
MASKINVEST,1273527
KANANIIND,1706
TNTELE,3351
FEL,2404
SATIPOLY,1284847
BULKCORP,1284875
AATMAJ,1284394
SRPL,1274263
WALPAR,1274888
BLUECOAST,97566
LAXMICOT,1273692
LAMOSAIC,1285167
PARAMOUNT,1285017
ASLIND,1274058
PHOGLOBAL,1284997
KHAITANLTD,1763
MONOPHARMA,1284469
AKG,1274561
SHRENIK,1274100
MOHITIND,2110
NGIL,1274363
BOHRAIND,1273701
WEWIN,1274118
DIL,1274361
FLFL,569658
TAPIFRUIT,1275300
SVPGLOB,3312
WINNY,1284822
VILINBIO,1284392
MADHAV,1941
INSPIRE,1284511
ROLTA,2776
ROLLT,2775
KRIDHANINF,2705
PRECISION,1275160
SGL,3212
MICROPRO,1284562
TREEHOUSE,3464
BLUECHIP,513
AGARWALFT,1284301
NAGREEKCAP,2185
POLYSIL,1284669
NKIND,2178
YUDIZ,1284437
PNC,2575
MEDIORG,1284818
THESL,1285008
VIJIFIN,804165
HYBRIDFIN,1267625
INFOMEDIA,1487
LIBAS,1273611
VSCL,1274079
MFML,1284949
KHANDSE,1767
VIKASWSP,3657
WILLAMAGOR,3755
CELLPOINT,1284389
VERA,1274327
KSHITIJPOL,1274572
SIGNORIA,1284712
TIMESCAN,1275149
VINEETLAB,1274877
JAKHARIA,1274381
KAUSHALYA,1729
FAALCON,1284759
MARSHALL,1274410
YCCL,1284426
MANDEEP,1284782
TGBHOTELS,448
SANGINITA,1273658
QVCEL,1284932
GTECJAINX,1274114
GOENKA,1166
NIDAN,1275089
KKVAPOW,1273434
SPPPOLY,1284975
GFSTEELS,1268396
CONTI,1274248
ANKITMETAL,198
CLOUD,1275305
TVVISION,1273485
PODDARHOUS,2499
GAYAHWS,1274372
WINPRO,1543
MORARJEE,2125
ISHAN,1275298
CMRSL,1275310
VIVIDHA,3682
ACEINTEG,1274098
MEP,1270834
GAJANAND,1284978
PERFECT,1273125
TECHIN,2202
MOXSH,1275388
SANWARIA,2889
BOSS,1284951
EXCELLENT,1284962
CYBERMEDIA,749
HEADSUP,1273599
SUNREST,1284557
MARINETRAN,1284578
AGUL,1284348
GSTL,1275230
EDUCOMP,886
DRL,1273549
VERITAAS,1284781
QFIL,1284322
BIKEWO,1284993
JIWANRAM,1284481
GUJRAFFIA,1250
VIKASPROP,3656
SPRL,1275180
RADAAN,2617
MAKS,1275306
LYPSAGEMS,29704
QUADPRO,1274970
IMPEXFERRO,1406
CALSOFT,570
SHANTHALA,1284542
TIJARIA,3419
GLOBALE,1284948
SUULD,1270616
UNIINFO,1274295
RICHA,1275175
JALAN,1274077
COMPINFO,693
MTEDUCARE,2145
PLADAINFO,1284525
SHANTI,1274112
UMESLTD,3573
SILLYMONKS,1274253
DHTL,1284651
GLFL,1239
ANTGRAPHIC,206
FELDVR,1270588
TCIFINANCE,3380
SAROJA,1284474
UNIVAFOODS,1369
FALCONTECH,1284814
KTL,1284677
SHUBHLAXMI,1274598
SABAR,1275297
SHYAMTEL,3051
SMVD,1274225
BALCO,1284904
MANAV,1274139
ONELIFECAP,2338
AMIABLE,1275355
VCL,1274725
BCP,760686
CBAZAAR,1284576
MPTODAY,1274152
ARENTERP,2638
CREATIVEYE,732
VIVO,1275145
WINSOME,3761
DCMFINSERV,771
SAHAJ,1284468
EUROTEXIND,970
TRANSWIND,1274097
OMKARCHEM,2334
INDIFRA,1284614
RITEZONE,1275350
ALPSINDUS,148
ORTINGLOBE,2365
GATECHDVR,1274169
FSC,1274218
PREMIER,2551
AMJUMBO,1274277
RAMGOPOLY,1268502
RAJASPETRO,87994
SETUINFRA,2531
PADMALAYAT,2386
ACCORD,1274090
SECURCRED,1274194
SABEVENTS,1273488
CMICABLES,679
KRISNAFILA,2033
ORTEL,1270772
BGLOBAL,466
RAJVIR,2649
LAKPRE,1862
QUINTEGRA,2608
SANCO,1270142
CMMIPL,1272697
VASA,1274266
GANGOTRI,1094
